,PDF Name,Page Number,UEN Number,Notes Page Content,Q&A model Output,Input_length,Summarized_Description_facebook_bart,Summarized_Description_philschmid_bart,Summarized_Description_azma_bart,Summarised?,Azma_bart_tfidf,FB_bart_tfidf,Philschmid_bart_tfidf
0,ABR HOLDINGS LIMITED 2022 (197803023H).pdf,74,197803023H,"principal activities of the Company are the manufacture of ice cream, the operation of Swensen s ice cream parlours cum restaurants, operation of other specialty restaurants and investment holding. ",manufacture of ice cream,29,"principal activities of the Company are the manufacture of ice cream, the operation of Swensen s ice cream parlours cum restaurants, operation of other specialty restaurants and investment holding. ","principal activities of the Company are the manufacture of ice cream, the operation of Swensen s ice cream parlours cum restaurants, operation of other specialty restaurants and investment holding. ","principal activities of the Company are the manufacture of ice cream, the operation of Swensen s ice cream parlours cum restaurants, operation of other specialty restaurants and investment holding. ",No,manufacture ice operation ice cream parlours cum operation specialty restaurants,manufacture ice operation ice cream parlours cum operation specialty restaurants,manufacture ice operation ice cream parlours cum operation specialty restaurants
1,ABUNDANCE INTERNATIONAL LIMITED 2022 (197501572K).pdf,56,197501572K,principal activities of the Company are those of print and paper management related activities and investment holding. ,print and paper management related activities and investment holding,17,principal activities of the Company are those of print and paper management related activities and investment holding. ,principal activities of the Company are those of print and paper management related activities and investment holding. ,principal activities of the Company are those of print and paper management related activities and investment holding. ,No,print paper management related,print paper management related,print paper management related
2,ABUNDANTE LIMITED 2023 (197902587H).pdf,48,197902587H,"principal activities of the Company are those of an investment holding company, supply of ready- mixed concrete and the manufacture and sale of ready-mixed concrete. ","investment holding company, supply of ready- mixed concrete",25,"principal activities of the Company are those of an investment holding company, supply of ready- mixed concrete and the manufacture and sale of ready-mixed concrete. ","principal activities of the Company are those of an investment holding company, supply of ready- mixed concrete and the manufacture and sale of ready-mixed concrete. ","principal activities of the Company are those of an investment holding company, supply of ready- mixed concrete and the manufacture and sale of ready-mixed concrete. ",No,supply mixed concrete manufacture sale,supply mixed concrete manufacture sale,supply mixed concrete manufacture sale
3,ACCRELIST LTD. 2023 (201413466E).pdf,55,201413466E,principal activities of the Company is investment holding. ,investment holding,8,principal activities of the Company is investment holding. ,principal activities of the Company is investment holding. ,principal activities of the Company is investment holding. ,No,principal activities of the Company is investment holding. ,principal activities of the Company is investment holding. ,principal activities of the Company is investment holding. 
4,ACESIAN PARTNERS LIMITED 2022 (199505699D).pdf,54,199505699D,"principal activities of the Group consist of design, manufacture and supply of critical airflow and related products and investment holding. ","design, manufacture and supply of critical airflow and related products and investment holding",20,"principal activities of the Group consist of design, manufacture and supply of critical airflow and related products and investment holding. ","principal activities of the Group consist of design, manufacture and supply of critical airflow and related products and investment holding. ","principal activities of the Group consist of design, manufacture and supply of critical airflow and related products and investment holding. ",No,consist manufacture supply critical airflow related products,consist manufacture supply critical airflow related products,consist manufacture supply critical airflow related products
5,ACMA LTD. 2022 (196500233E).pdf,48,196500233E,principal activity of the Company is that of investment holding. ,investment holding,10,principal activity of the Company is that of investment holding. ,principal activity of the Company is that of investment holding. ,principal activity of the Company is that of investment holding. ,No,principal activity of the Company is that of investment holding. ,principal activity of the Company is that of investment holding. ,principal activity of the Company is that of investment holding. 
6,ADVANCED SYSTEMS AUTOMATION LIMITED 2022 (198600740M).pdf,52,198600740M,principal activity of the Company is investment holding. There have been no significant changes in the nature of the activity during the financial year. ,investment holding,24,principal activity of the Company is investment holding. There have been no significant changes in the nature of the activity during the financial year. ,principal activity of the Company is investment holding. There have been no significant changes in the nature of the activity during the financial year. ,principal activity of the Company is investment holding. There have been no significant changes in the nature of the activity during the financial year. ,No,significant changes nature financial,significant changes nature financial,significant changes nature financial
7,ALLIANCE HEALTHCARE GROUP LIMITED 2023 (200608233K).pdf,82,200608233K,principal activities of the company is that of investment holding and health related services. The company is listed on the Singapore Exchange Securities Trading Limited ( SGX-ST ). ,investment holding and health related services,28,principal activities of the company is that of investment holding and health related services. The company is listed on the Singapore Exchange Securities Trading Limited ( SGX-ST ). ,principal activities of the company is that of investment holding and health related services. The company is listed on the Singapore Exchange Securities Trading Limited ( SGX-ST ). ,principal activities of the company is that of investment holding and health related services. The company is listed on the Singapore Exchange Securities Trading Limited ( SGX-ST ). ,No,health related listed,health related listed,health related listed
8,ANNAIK LIMITED 2022 (197702066M).pdf,71,197702066M,principal activity of the Company is that of investment holding. ,investment holding,10,principal activity of the Company is that of investment holding. ,principal activity of the Company is that of investment holding. ,principal activity of the Company is that of investment holding. ,No,principal activity of the Company is that of investment holding. ,principal activity of the Company is that of investment holding. ,principal activity of the Company is that of investment holding. 
9,AP OIL INTERNATIONAL LIMITED 2022 (197502257M).pdf,61,197502257M,The  The Company is an investment holding company. ,investment holding company,8,The  The Company is an investment holding company. ,The  The Company is an investment holding company. ,The  The Company is an investment holding company. ,No,The  The Company is an investment holding company. ,The  The Company is an investment holding company. ,The  The Company is an investment holding company. 
10,BEST WORLD INTERNATIONAL LIMITED 2022 (199006030Z).pdf,57,199006030Z,"principal activities of the Company are those of investment holding and the distribution of nutritional international network of independent active distributors across Taiwan, Singapore, Malaysia, and supplement products, personal care products and healthcare equipment. ",investment holding and the distribution of nutritional international network of independent active distributors,34,"The Company's principal activities are those of investment holding and the distribution of nutritional international network of independent active distributors across Taiwan, Singapore, Malaysia","The Company's principal activities are investment holding and the distribution of nutritional international network of independent active distributors across Taiwan, Singapore, Malaysia","The Company is engaged in the investment holding and the distribution of nutritional products across Taiwan, Singapore, Malaysia and supplement products, personal care",Yes,engaged distribution nutritional products supplement personal care,distribution nutritional international network independent active distributors,distribution nutritional international network independent active distributors
11,BRC ASIA LIMITED 2022 (193800054G).pdf,57,193800054G,"principal activities of the Company are the prefabrication of steel reinforcement for use in concrete, trading of steel reinforcing bars, and manufacturing and sale of wire mesh fences. ",prefabrication of steel reinforcement for use in concrete,28,"principal activities of the Company are the prefabrication of steel reinforcement for use in concrete, trading of steel reinforcing bars, and manufacturing and sale of wire mesh fences. ","principal activities of the Company are the prefabrication of steel reinforcement for use in concrete, trading of steel reinforcing bars, and manufacturing and sale of wire mesh fences. ","principal activities of the Company are the prefabrication of steel reinforcement for use in concrete, trading of steel reinforcing bars, and manufacturing and sale of wire mesh fences. ",No,prefabrication steel reinforcement use steel reinforcing manufacturing sale wire mesh,prefabrication steel reinforcement use steel reinforcing manufacturing sale wire mesh,prefabrication steel reinforcement use steel reinforcing manufacturing sale wire mesh
12,CASA HOLDINGS LIMITED 2022 (199406212Z).pdf,42,199406212Z,principal activity of the Company is that of an investment holding company. ,investment holding company,12,principal activity of the Company is that of an investment holding company. ,principal activity of the Company is that of an investment holding company. ,principal activity of the Company is that of an investment holding company. ,No,principal activity of the Company is that of an investment holding company. ,principal activity of the Company is that of an investment holding company. ,principal activity of the Company is that of an investment holding company. 
13,CH OFFSHORE LTD. 2022 (197600666D).pdf,82,197600666D,principal activities of the Company are that of investment holding and the owning and chartering of vessels. ,investment holding and the owning and chartering of vessels,17,principal activities of the Company are that of investment holding and the owning and chartering of vessels. ,principal activities of the Company are that of investment holding and the owning and chartering of vessels. ,principal activities of the Company are that of investment holding and the owning and chartering of vessels. ,No,owning chartering,owning chartering,owning chartering
14,CHEMICAL INDUSTRIES (FAR EAST) LIMITED. 2023 (196200046K).pdf,42,196200046K,principal activities of the company are investment holding and the manufacture and sale of chemicals. ,investment holding and the manufacture and sale of chemicals,15,principal activities of the company are investment holding and the manufacture and sale of chemicals. ,principal activities of the company are investment holding and the manufacture and sale of chemicals. ,principal activities of the company are investment holding and the manufacture and sale of chemicals. ,No,manufacture sale,manufacture sale,manufacture sale
15,CHINA AVIATION OIL (SINGAPORE) CORPORATION LTD 2022 (199303293Z).pdf,141,199303293Z,"principal activities of the Group are those relating to trading and supply of jet fuel and trading of other petroleum products, and investment holding. The immediate and ultimate holding Company during the financial year was China National Aviation Fuel Group Limited ( CNAF ), a Company incorporated in the People s Republic of China ( PRC ). ",trading and supply of jet fuel and trading of other petroleum products,57,China National Aviation Fuel Group Limited (CNAF) is a Company incorporated in the People s Republic of China ( PRC) CNAF's principal activities are those relating to trading and supply of jet fuel and trading of other petroleum products,"The principal activities of the Group are trading and supply of jet fuel and trading of other petroleum products, and investment holding. The immediate and ultimate holding Company during the financial year was China National Aviation Fuel Group Limited (CNAF),",The principal activities of the Group are those relating to trading and supply of jet fuel and trading of other petroleum products. The immediate and ultimate holding Company during the financial year was China National Aviation Fuel Group Limited (CNAF). CNAF,Yes,relating supply jet fuel petroleum immediate ultimate financial year,incorporated relating supply jet fuel petroleum products,supply jet fuel petroleum immediate ultimate financial year
16,CITY DEVELOPMENTS LIMITED 2022 (196300316Z).pdf,64,196300316Z,"principal activities of the Company are those of a property developer and owner, and investment holding. During the year ended 31 December 2021, there were the following significant non-cash transactions: The principal activities of the subsidiaries are those of property developers and owners, hotel owners and operators, a club  Dividends amounting to $1,287,000 were paid by a subsidiary to its non-controlling interests in the form of additional operator and owner, investment in properties and in shares, property management, project management and provision of shares in that subsidiary. consultancy, procurement and laundry services.  In connection with the Group s disposal of its interest in HCP Chongqing Property Development Co., Ltd (HCP), an offshore The consolidated financial statements for the year ended 31 December 202","property developer and owner, and investment holding",123,"During the year ended 31 December 2021, there were the following significant non-cash transactions: Dividends amounting to $1,287,000 were paid by a subsidiary to its non-controlling interests. In connection with the Group s disposal of its interest in HCP Chongqing Property Development Co., Ltd (HCP), an offshore company.","The consolidated financial statements for the year ended 31 December 2021 show significant non-cash transactions. Dividends amounting to $1,287,000 were paid by a subsidiary to its non-controlling interests. In connection with the Group's disposal of its interest in HCP Chongqing Property Development Co., Ltd.",The consolidated financial statements for the year ended 31 December 2021 show that there were a number of significant non-cash transactions in the Company's business.,Yes,consolidated financial statements year ended 31 2021 number significant transactions,year ended 31 following significant amounting paid subsidiary connection disposal,consolidated financial statements year ended 31 2021 significant amounting paid
17,CORTINA HOLDINGS LIMITED 2023 (197201771W).pdf,65,197201771W,"principal activities are in the retail and distribution of luxury timepieces and luxury accessories. The group holds inventories of $231,624,000 (2022: $211,199,000) as at the end of the reporting year. The cost of inventories may not be recoverable in full if any inventories are damaged, or if they become obsolete, or if their selling prices have declined. The estimate of allowance for inventories is based on the age of these inventories, prevailing market conditions of the luxury timepieces and related products in the retail industry and historical allowance experience which require management s judgement. Management applies judgement in determining the appropriate allowance for inventories based upon a detailed technical assessment of inventories concerned including considering the future demand and future selling prices for the products and ageing analysis of inventories. This methodology relies upon assumptions made in determining the appropriate allowance percentages for each category of inventories.",retail and distribution of luxury timepieces and luxury accessories,147,"The group holds inventories of $231,624,000 (2022: $211,199,000) as at the end of the reporting year. principal activities are in the retail and distribution of luxury timepieces and luxury accessories. The estimate of allowance for inventories is based on the age of these inventories.","The group holds inventories of $231,624,000 (2022: $211,199,000) as at the end of the reporting year. Its principal activities are in the retail and distribution of luxury timepieces and luxury accessories. The cost of inventories may not be recoverable in full if any inventories are damaged, or if they become obsolete.","The group holds inventories of $231,624,000 as at the end of the reporting year. Management applies judgement in determining the appropriate allowance for inventories.",Yes,group holds inventories end reporting applies judgement determining appropriate allowance,group holds inventories end reporting retail distribution luxury timepieces luxury,group holds inventories end reporting retail distribution luxury timepieces luxury
18,CREATIVE TECHNOLOGY LTD. 2023 (198303359D).pdf,34,198303359D,"principal activities of the Company and its subsidiaries consist of the design, manufacture and distribution of digitised sound and video boards, computers and related multimedia and personal digital entertainment products. ","design, manufacture and distribution of digitised sound and video boards, computers",30,"The Company and its subsidiaries consist of the design, manufacture and distribution of digitised sound and video boards, computers and related multimedia and personal","The Company's principal activities are the design, manufacture and distribution of digitised sound and video boards, computers and related multimedia and","The Company designs, manufactures and distributes digital audio and video boards, computers and related multimedia and personal digital entertainment products. ",Yes,manufactures distributes digital audio video computers related multimedia personal digital,subsidiaries consist manufacture distribution digitised sound video computers related multimedia,manufacture distribution digitised sound video computers related multimedia
19,CSE GLOBAL LIMITED 2022 (198703851D).pdf,110,198703851D,"principal activities of the Company are those relating to provision of total integrated industrial automation, information technology and intelligent transport solutions and investment holding. ","provision of total integrated industrial automation, information technology and intelligent transport solutions",24,"principal activities of the Company are those relating to provision of total integrated industrial automation, information technology and intelligent transport solutions and investment holding. ","principal activities of the Company are those relating to provision of total integrated industrial automation, information technology and intelligent transport solutions and investment holding. ","principal activities of the Company are those relating to provision of total integrated industrial automation, information technology and intelligent transport solutions and investment holding. ",No,relating provision total integrated industrial information technology intelligent transport solutions,relating provision total integrated industrial information technology intelligent transport solutions,relating provision total integrated industrial information technology intelligent transport solutions
20,DELFI LIMITED 2022 (198403096C).pdf,94,198403096C,"principal activities of the Company are the marketing and distribution of chocolate, chocolate confectionery and investment holding. ","marketing and distribution of chocolate, chocolate confectionery and investment holding",17,"principal activities of the Company are the marketing and distribution of chocolate, chocolate confectionery and investment holding. ","principal activities of the Company are the marketing and distribution of chocolate, chocolate confectionery and investment holding. ","principal activities of the Company are the marketing and distribution of chocolate, chocolate confectionery and investment holding. ",No,marketing distribution chocolate confectionery,marketing distribution chocolate confectionery,marketing distribution chocolate confectionery
21,ENGRO CORPORATION LIMITED 2022 (197302229H).pdf,72,197302229H,"principal activities of the Group are mainly those relating to the manufacture and sale of building materials and specialty polymers. In addition, the Company is also an investment holding company. ",manufacture and sale of building materials and specialty polymers,30,The Company is also an investment holding company. principal activities of the Group are mainly those relating to the manufacture and sale of building materials and,The principal activities of the Group are mainly those relating to the manufacture and sale of building materials and specialty polymers. The Company is also,The Group is engaged in the manufacture and sale of building materials and specialty polymers. The Company is also an investment holding company. ,Yes,engaged manufacture sale building materials specialty,mainly relating manufacture sale building materials,mainly relating manufacture sale building materials specialty
22,F J BENJAMIN HOLDINGS LTD 2023 (199000027E).pdf,113,199000027E,The  principal activities of the Company are those of investment holding and the provision of management services to its subsidiaries. ,investment holding and the provision of management services to its subsidiaries,20,The  principal activities of the Company are those of investment holding and the provision of management services to its subsidiaries. ,The  principal activities of the Company are those of investment holding and the provision of management services to its subsidiaries. ,The  principal activities of the Company are those of investment holding and the provision of management services to its subsidiaries. ,No,provision management services,provision management services,provision management services
23,FAR EAST GROUP LIMITED 2022 (196400096C).pdf,67,196400096C,"principal activities of the Company are manufacturing and trading of refrigeration parts, servicing of cold rooms, construction and installation of commercial and industrial cold rooms and all other incidental business of refrigeration. ",manufacturing and trading of refrigeration parts,32,"The Company's principal activities are manufacturing and trading of refrigeration parts, servicing of cold rooms, construction and installation of commercial and industrial cold","The Company's principal activities are manufacturing and trading of refrigeration parts, servicing of cold rooms, construction and installation of commercial and","The Company is engaged in the manufacturing and trading of refrigeration parts, servicing of cold rooms, construction and installation of commercial and",Yes,engaged manufacturing refrigeration servicing cold construction installation commercial,manufacturing refrigeration servicing cold construction installation commercial industrial cold,manufacturing refrigeration servicing cold construction installation commercial
24,FAR EAST ORCHARD LIMITED 2022 (196700511H).pdf,87,196700511H,"principal activities of the Company are investment holding, hotel operations and property investment. ","investment holding, hotel operations and property investment",13,"principal activities of the Company are investment holding, hotel operations and property investment. ","principal activities of the Company are investment holding, hotel operations and property investment. ","principal activities of the Company are investment holding, hotel operations and property investment. ",No,hotel operations property,hotel operations property,hotel operations property
25,FU YU CORPORATION LIMITED 2022 (198004601C).pdf,90,198004601C,"principal activities of the Company are those of manufacturing and sub-assembly of precision plastic parts and components, fabrication of precision moulds and dies and investment holding. The principal activities of the Company s subsidiaries consist of manufacturing and sub-assembly of precision plastic parts and components, fabrication of precision moulds and dies, trading, provision of management services and investment holding. In prior year, the Group acquired 100% of the ordinary shares Fu Yu Supply Chain Solutions Pte. Ltd. ( FYSCS ). FYSCS is engaged in the business in providing supply chain management services and commodity raw materials. The consolidated financial statements relate to the Company and its subsidiaries. ",fabrication of precision moulds and dies and investment holding,107,The consolidated financial statements relate to the Company and its subsidiaries. The Group acquired 100% of the ordinary shares Fu Yu Supply Chain Solutions Pte. Ltd. in prior year. FYSCS is engaged in the business in providing supply chain management services.,Fu Yu Supply Chain Solutions Pte. Ltd. is engaged in providing supply chain management services and commodity raw materials. The consolidated financial statements relate to the Company and its subsidiaries.,"The consolidated financial statements relate to the Company and its subsidiaries. The principal activities of the Company are those of manufacturing and sub-assembly of precision plastic parts and components, fabrication of precision moulds and dies, trading, provision of management services and investment holding. In prior year, the Group acquired Fu Yu Supply Chain Solutions Pte. Ltd. (FYSCS).",Yes,consolidated financial statements relate manufacturing precision plastic parts fabrication precision,consolidated financial statements relate acquired ordinary shares prior engaged business,engaged providing supply chain management services commodity raw consolidated financial
26,GREAT EASTERN HOLDINGS LIMITED 2022 (199903008M).pdf,104,199903008M,principal activity of the Company is that of an investment holding company. ,investment holding company,12,principal activity of the Company is that of an investment holding company. ,principal activity of the Company is that of an investment holding company. ,principal activity of the Company is that of an investment holding company. ,No,principal activity of the Company is that of an investment holding company. ,principal activity of the Company is that of an investment holding company. ,principal activity of the Company is that of an investment holding company. 
27,HEETON HOLDINGS LIMITED 2022 (197601387M).pdf,60,197601387M,principal activities are in property development and investment holding. ,property development and investment holding,9,principal activities are in property development and investment holding. ,principal activities are in property development and investment holding. ,principal activities are in property development and investment holding. ,No,property development,property development,property development
28,HIAP SENG ENGINEERING LTD 2023 (197100300Z).pdf,27,197100300Z,"principal activities of the Company consist of the provision of building construction, engineering, procurement, construction and plant maintenance services for oil and gas and energy sectors and, provision of process and industrial plant engineering and consultancy services. ","provision of building construction, engineering, procurement, construction and plant maintenance services",37,"The Company provides building construction, engineering, procurement, construction and plant maintenance services for oil and gas and energy sectors. It also provides process and industrial plant","The principal activities of the Company are the provision of building construction, engineering, procurement, construction and plant maintenance services for oil and gas and energy",The Company provides construction and engineering services for the oil and gas and energy sectors. It also provides process and industrial plant engineering and consultancy services.,Yes,provides construction engineering services oil gas energy provides process industrial,provides building construction plant maintenance services oil gas energy provides,provision building construction plant maintenance services oil gas energy
29,HOE LEONG CORPORATION LTD. 2022 (199408433W).pdf,76,199408433W,"principal activities of the Group are those relating to designing, manufacturing and distribution of heavy equipment parts. The Company is an investment holding company. The financial statements of the Group as at and for the financial year ended 31 December 202","designing, manufacturing and distribution of heavy equipment parts",41,"The Company is an investment holding company. principal activities of the Group are those relating to designing, manufacturing and distribution of heavy equipment parts. The financial statements of the","The Company is an investment holding company. Its principal activities are designing, manufacturing and distribution of heavy equipment parts. The financial statements of the Group as at and for the","The Company is an investment holding company. The principal activities of the Group are those relating to designing, manufacturing and distribution of heavy equipment parts.",Yes,relating manufacturing distribution heavy equipment,relating manufacturing distribution heavy equipment financial statements,manufacturing distribution heavy equipment financial statements
30,HONG LEONG FINANCE LIMITED 2022 (196100003D).pdf,56,196100003D,principal activities of the Company are those relating to financing business and provision of corporate advisory Income tax expense 2,financing business and provision of corporate advisory,20,principal activities of the Company are those relating to financing business and provision of corporate advisory Income tax expense 2,principal activities of the Company are those relating to financing business and provision of corporate advisory Income tax expense 2,principal activities of the Company are those relating to financing business and provision of corporate advisory Income tax expense 2,No,relating financing business provision corporate advisory tax expense,relating financing business provision corporate advisory tax expense,relating financing business provision corporate advisory tax expense
31,HOTEL GRAND CENTRAL LIMITED 2022 (196800243H).pdf,44,196800243H,"principal activities of the Company consist of owning, operating and managing hotels. ","owning, operating and managing hotels",12,"principal activities of the Company consist of owning, operating and managing hotels. ","principal activities of the Company consist of owning, operating and managing hotels. ","principal activities of the Company consist of owning, operating and managing hotels. ",No,consist operating managing,consist operating managing,consist operating managing
32,HOTEL PROPERTIES LIMITED 2022 (198000348Z).pdf,19,198000348Z,"principal activities of the Company are those of a hotelier and an investment holding company. The Repayment of lease liabilities (9,687) (2,549) principal activities of subsidiaries, significant associates and jointly controlled entities are described in Notes Dividend paid (20,852) (20,839) 36, 37 and 38 respectively to the financial statements. Distribution to perpetual capital securities holders (10,499) (14,015) Net receipts from non-controlling shareholders^ 76,796 73 The consolidated financial statements of the Group and statement of financial position and statement of changes Additional borrowings 642,062 313,372 in equity of the Company for the year ended December 31, 2022 were authorised for issue by the Board of Directors on March 28, 2023. Repayment of borrowings (228,947) (103,913) Increase in deposits under pledge to bank (13,196) - Redemption of perpetual capital securities (150,000) - ",hotelier and an investment holding company,130," principal activities of the Company are those of a hotelier and an investment holding company. Repayment of borrowings (228,947) (103,913) Increase in deposits under pledge to bank (13,196) - Redemption of perpetual capital securities (150,000)","The Company is a hotelier and an investment holding company. The principal activities of subsidiaries, significant associates and jointly controlled entities are described in Notes Dividend paid (20,852), Distribution to perpetual capital securities holders (10,499) and Net receipts from non-controlling shareholders (76,796 73). Additional borrowings 642,062 313,372 in equity of the Company for the year ended December 31, 2022 were authorised for issue on March 28, 2023.","The Company is a hotelier and an investment holding company. The principal activities of subsidiaries, significant associates and jointly controlled entities are described in Notes Dividend paid (20,852), 37, 37 and 38. Repayment of lease liabilities (9,687), 2,549, increase in deposits under pledge to bank (13,196), Redemption of perpetual capital securities (150,000) - ",Yes,hotelier significant associates jointly controlled entities described paid 37 lease,hotelier borrowings deposits pledge bank perpetual capital,hotelier significant associates jointly controlled entities described paid perpetual capital
33,HOTEL ROYAL LIMITED 2022 (196800298G).pdf,120,196800298G,principal activity of the Company is that of a hotelier and investment holding. ,hotelier and investment holding,13,principal activity of the Company is that of a hotelier and investment holding. ,principal activity of the Company is that of a hotelier and investment holding. ,principal activity of the Company is that of a hotelier and investment holding. ,No,hotelier,hotelier,hotelier
34,IFS CAPITAL LIMITED 2022 (198700827C).pdf,76,198700827C,"principal activities of the Company are those relating to the provision of commercial, alternative and structured finance businesses such as factoring services, working capital, asset based financing and the provision of alternative and structured financial solutions offered to clients to address either equity or debt capital requirements. ","provision of commercial, alternative and structured finance businesses",47,"The Company's principal activities are those relating to the provision of commercial, alternative and structured finance businesses. The Company offers factoring services, working capital, asset based financing and the providing of alternative and","The Company's principal activities are the provision of commercial, alternative and structured finance businesses. It offers factoring services, working capital, asset based financing and alternative financial solutions to clients.","The Company provides commercial, alternative and structured finance businesses such as factoring services, working capital, asset based financing and the provision of alternative financial solutions.",Yes,provides alternative structured finance businesses factoring working asset based financing,relating provision alternative structured finance offers factoring working asset based,provision alternative structured finance offers factoring working asset based financing
35,INTRACO LIMITED 2022 (196800526Z).pdf,109,196800526Z,"principal activity of the Company is that of investment holding. The Group is primarily involved in the trading of plastics products, providing fire protection services and provision of mobile radio infrastructure services (Note 6). ",investment holding,34,"The Group is primarily involved in the trading of plastics products, providing fire protection services and provision of mobile radio infrastructure services. principal activity of","The principal activity of the Company is that of investment holding. The Group is primarily involved in the trading of plastics products, providing","The Company is an investment holding. The Group is mainly involved in the trading of plastics products, providing fire protection services and mobile",Yes,mainly involved plastics providing protection services mobile,primarily involved plastics providing protection services provision mobile radio infrastructure,primarily involved plastics providing
36,ISETAN (SINGAPORE) LIMITED 2022 (197001177H).pdf,69,197001177H,"principal activities of the Company are to carry on the business of operating department stores, operating supermarkets, to trade in general merchandise and to earn rental income from its investment properties. ","operating department stores, operating supermarkets",31,"The Company's principal activities are to carry on the business of operating department stores, operating supermarkets and to trade in general merchandise. The Company","The Company's principal activities are to carry on the business of operating department stores, operating supermarkets and trading in general merchandise. It","The Company is engaged in the business of operating department stores, operating supermarkets and to earn rental income from its investment properties. ",Yes,engaged business operating department operating supermarkets earn rental income,carry business operating department operating supermarkets trade general,carry business operating department operating supermarkets general
37,JACKSPEED CORPORATION LIMITED 2022 (199300300W).pdf,43,199300300W,principal activities of the Company are those of investment holding and the provision of management services. ,investment holding and the provision of management services,16,principal activities of the Company are those of investment holding and the provision of management services. ,principal activities of the Company are those of investment holding and the provision of management services. ,principal activities of the Company are those of investment holding and the provision of management services. ,No,provision management,provision management,provision management
38,KHONG GUAN LIMITED 2023 (196000096G).pdf,53,196000096G,principal activities of the Company are the trading of wheat flour and other edible products and investment holding. ,trading of wheat flour and other edible products and investment holding,18,principal activities of the Company are the trading of wheat flour and other edible products and investment holding. ,principal activities of the Company are the trading of wheat flour and other edible products and investment holding. ,principal activities of the Company are the trading of wheat flour and other edible products and investment holding. ,No,wheat flour edible products,wheat flour edible products,wheat flour edible products
39,KODA LTD 2023 (198001299R).pdf,91,198001299R,"principal activities of the Company are those of relating to the manufacturing and export of furniture and fixtures of wood (including upholstery), furniture design service and investment holding. ",furniture design service and investment holding,28,"principal activities of the Company are those of relating to the manufacturing and export of furniture and fixtures of wood (including upholstery), furniture design service and investment holding. ","principal activities of the Company are those of relating to the manufacturing and export of furniture and fixtures of wood (including upholstery), furniture design service and investment holding. ","principal activities of the Company are those of relating to the manufacturing and export of furniture and fixtures of wood (including upholstery), furniture design service and investment holding. ",No,relating manufacturing export furniture fixtures wood furniture design service,relating manufacturing export furniture fixtures wood furniture design service,relating manufacturing export furniture fixtures wood furniture design service
40,KS ENERGY LIMITED 2019 (198300104G).pdf,70,198300104G,principal activities of the Company are those of investment holding. ,investment holding,10,principal activities of the Company are those of investment holding. ,principal activities of the Company are those of investment holding. ,principal activities of the Company are those of investment holding. ,No,principal activities of the Company are those of investment holding. ,principal activities of the Company are those of investment holding. ,principal activities of the Company are those of investment holding. 
41,LEY CHOON GROUP HOLDINGS LIMITED 2023 (198700318G).pdf,114,198700318G,principal activity of the Company is that of an investment holding company. ,investment holding company,12,principal activity of the Company is that of an investment holding company. ,principal activity of the Company is that of an investment holding company. ,principal activity of the Company is that of an investment holding company. ,No,principal activity of the Company is that of an investment holding company. ,principal activity of the Company is that of an investment holding company. ,principal activity of the Company is that of an investment holding company. 
42,MANUFACTURING INTEGRATION TECHNOLOGY LTD. 2022 (199200075N).pdf,78,199200075N,"principal activities of the company are that of designing, developing, manufacturing and distributing automated equipment for the semiconductor and other industries and an investment holding company. The company is listed on the Singapore Exchange Securities Trading Limited ( SGX-ST ). ","designing, developing, manufacturing and distributing automated equipment",40,"The company is listed on the Singapore Exchange Securities Trading Limited ( SGX-ST ). The company's principal activities are that of designing, developing, manufacturing and distributing automated","The company designs, develops, manufactures and sells automated equipment for the semiconductor and other industries and an investment holding company. The company is listed on the Singapore Exchange Securities",Singapore Semiconductor Limited is a manufacturer of automated equipment for the semiconductor and other industries and an investment holding company. Its shares are listed on the Singapore,Yes,manufacturer automated equipment semiconductor industries shares listed,listed manufacturing distributing automated,manufactures sells automated equipment semiconductor industries listed
43,MATEX INTERNATIONAL LIMITED 2022 (198904222M).pdf,110,198904222M,"principal activities of the Company are the formulation, manufacturing and sale of specialty chemicals focusing on dyestuff and auxiliaries for the textile industry. ","formulation, manufacturing and sale of specialty chemicals",23,"principal activities of the Company are the formulation, manufacturing and sale of specialty chemicals focusing on dyestuff and auxiliaries for the textile industry. ","principal activities of the Company are the formulation, manufacturing and sale of specialty chemicals focusing on dyestuff and auxiliaries for the textile industry. ","principal activities of the Company are the formulation, manufacturing and sale of specialty chemicals focusing on dyestuff and auxiliaries for the textile industry. ",No,manufacturing sale specialty chemicals focusing dyestuff auxiliaries textile,manufacturing sale specialty chemicals focusing dyestuff auxiliaries textile,manufacturing sale specialty chemicals focusing dyestuff auxiliaries textile
44,MEGACHEM LIMITED 2022 (198803293M).pdf,117,198803293M,principal activities of the Company consist of trading in chemicals and chemical-related products and investment holding. It is listed on Catalist which is a share market on Singapore Exchange Securities Trading Limited. ,trading in chemicals and chemical-related products and investment holding,32,The Company's principal activities consist of trading in chemicals and chemical-related products and investment holding. It is listed on Catalist which is,The Company's principal activities are trading in chemicals and chemical-related products and investment holding. It is listed on Catalist which is,The Company is engaged in trading in chemicals and chemical-related products and investment holding. It is listed on Catalist on the,Yes,engaged chemicals products listed,consist chemicals products listed,chemicals products listed
45,META HEALTH LIMITED 2022 (198804700N).pdf,67,198804700N,principal activities of the Company consist of investment holding and metal stamping and manufacturing of tools and fixtures. ,investment holding and metal stamping and manufacturing of tools and fixtures,18,principal activities of the Company consist of investment holding and metal stamping and manufacturing of tools and fixtures. ,principal activities of the Company consist of investment holding and metal stamping and manufacturing of tools and fixtures. ,principal activities of the Company consist of investment holding and metal stamping and manufacturing of tools and fixtures. ,No,consist metal stamping manufacturing tools,consist metal stamping manufacturing tools,consist metal stamping manufacturing tools
46,METIS ENERGY LIMITED 2022 (199006289K).pdf,52,199006289K,principal activities of the Company are those of investment holding and the provision of management services. ,investment holding and the provision of management services,16,principal activities of the Company are those of investment holding and the provision of management services. ,principal activities of the Company are those of investment holding and the provision of management services. ,principal activities of the Company are those of investment holding and the provision of management services. ,No,provision management,provision management,provision management
47,METRO HOLDINGS LTD 2023 (197301792W).pdf,95,197301792W,"principal activities of the Company are those of a management, property investment and holding company. The principal activities of the Group are those of management and holding companies, retailers and department store operators, property investment and developers. ","management and holding companies, retailers and department store operators, property investment and developers",37,"Principal activities of the Group are those of management and holding companies, retailers and department store operators, property investment and developers. The Company's. principal","The principal activities of the Company are those of a management, property investment and holding company. The Group's principal activities are management and holding companies","The principal activities of the Company are those of a management, property investment and holding company. The Group activities include those of management and holding companies, retailers",Yes,property include management retailers,management retailers department store property,property management companies
48,MIYOSHI LIMITED 2022 (198703979K).pdf,88,198703979K,"principal activities of the Company are those of designing and manufacturing of mould and precision pressed parts and trading in related products, and trading of commodities. ",designing and manufacturing of mould and precision pressed parts,26,"principal activities of the Company are those of designing and manufacturing of mould and precision pressed parts and trading in related products, and trading of commodities. ","principal activities of the Company are those of designing and manufacturing of mould and precision pressed parts and trading in related products, and trading of commodities. ","principal activities of the Company are those of designing and manufacturing of mould and precision pressed parts and trading in related products, and trading of commodities. ",No,designing manufacturing mould precision pressed parts related,designing manufacturing mould precision pressed parts related,designing manufacturing mould precision pressed parts related
49,MUN SIONG ENGINEERING LIMITED 2022 (196900250M).pdf,69,196900250M,"principal activities of the Company are those of mechanical engineering, provision of specialised services and investment holding. In March 2019, the Company established a branch office known as Mun Siong Engineering Limited, Taiwan branch in Kaohsiung, Republic of China ( Taiwan ). The following notes for the Company include the results of the branch office. ","mechanical engineering, provision of specialised services and investment holding",55,"In March 2019, the Company established a branch office known as Mun Siong Engineering Limited, Taiwan branch in Kaohsiung, Republic of China ( Taiwan ). The following notes for the Company include the results of the branch office","Mun Siong Engineering Limited established a branch office in Kaohsiung, Republic of China in March 2019. Its principal activities are mechanical engineering, provision of specialised services and investment holding.","The Company is engaged in mechanical engineering, provision of specialised services and investment holding. In March 2019, the Company established a branch office known as Mun Siong Engineering Limited, Taiwan branch in Kaohsiung,",Yes,engaged mechanical provision specialised services established branch office known branch,established branch office known branch following notes include results branch,established branch office mechanical provision specialised services
50,NAM LEE PRESSED METAL INDUSTRIES LIMITED 2023 (200508494D).pdf,75,200508494D,"principal activities of the Company include the design, fabrication, supply and installation of steel and aluminium products such as gates, door frames, railings, laundry racks, letter boxes, sliding windows, sliding doors, curtain wall and cladding system for building and infrastructure projects and the supply of aluminium industrial products for container refrigeration units. ","design, fabrication, supply and installation of steel and aluminium products",52,"The Company's principal activities include the design, fabrication, supply and installation of steel and aluminium products such as gates, door frames, railings, laundry racks and letter boxes.","The Company's principal activities include the design, fabrication, supply and installation of steel and aluminium products for building and infrastructure projects and aluminium industrial products for container refrigeration units.","The Company designs, manufactures and supplies a range of products for building and infrastructure projects. It also supplies products for container refrigeration units.",Yes,manufactures supplies range products building infrastructure supplies products container refrigeration,include supply installation steel aluminium products door laundry racks letter,include supply installation steel aluminium products building infrastructure projects aluminium
51,NANOFILM TECHNOLOGIES INTERNATIONAL LIMITED 2022 (199902564C).pdf,130,199902564C,"principal activities of the Company are that of the design, research, development, integration, manufacturing and marketing of advanced material science and nano technology in industrial machinery, coating services / surface solutions and precision components. ","design, research, development, integration, manufacturing and marketing",34,"The Company's principal activities are that of the design, research, development, integration, manufacturing and marketing of advanced material science and nano technology","The Company's principal activities are that of the design, research, development, integration, manufacturing and marketing of advanced material science and nano","The Company designs, develops, manufactures and markets advanced material science and nano technology in industrial machinery, coating services / surface solutions and precision components.",Yes,manufactures markets advanced material science nano technology industrial coating services,manufacturing marketing advanced material science nano technology,manufacturing marketing advanced material science nano
52,NERA TELECOMMUNICATIONS LTD 2022 (197802690R).pdf,84,197802690R,"principal activities of the Company are to engage in the sale, distribution, design, engineering, servicing, installation and maintenance of telecommunication systems and products in transmission networks and satellite communications and information technology networks. ","sale, distribution, design, engineering, servicing, installation and maintenance",33,"The Company's principal activities are to engage in the sale, distribution, design, engineering, servicing, installation and maintenance of telecommunication systems","The Company's principal activities are to engage in the sale, distribution, design, engineering, servicing, installation and maintenance of telecommunication","The Company is engaged in the sale, distribution, design, engineering, installation and maintenance of telecommunication systems and products in transmission networks and satellite",Yes,engaged installation maintenance telecommunication systems products transmission networks satellite,engage installation maintenance telecommunication systems,engage installation maintenance telecommunication
53,NIPPECRAFT LIMITED 2022 (197702861N).pdf,100,197702861N,"principal activities of the Group and the Company are those relating to the design, manufacture, distribution and trading of paper, personal and business organising tools, as well as general trading of pulp, chemical, and recycled waste and other products. ","design, manufacture, distribution and trading of paper, personal and business organising tools",39,"The Group and the Company are those relating to the design, manufacture, distribution and trading of paper, personal and business organising tools, as well as general trading of","The principal activities of the Group and the Company are those relating to the design, manufacture, distribution and trading of paper, personal and business organising tools,","The principal activities of the Group and the Company are those relating to the design, manufacture, distribution and trading of paper, personal and business organising tools, as well",Yes,relating distribution personal business organising,relating distribution personal business organising general,relating distribution personal business organising
54,NOEL GIFTS INTERNATIONAL LTD. 2023 (198303940Z).pdf,70,198303940Z,"principal activities of the Company are the marketing of gifts, property investment and development and the operation of a franchise programme whereby franchisees will have the right to use the Company s name, creative gift designs, marketing, sales, operations and purchasing strategies and systems. ","marketing of gifts, property investment and development and the operation of a franchise programme",44,"The Company's principal activities are the marketing of gifts, property investment and development and the operation of a franchise programme. Franchisees will have the right to use the Company s name,","The principal activities of the Company are the marketing of gifts, property investment and development and the operation of a franchise programme. The franchisees will have the right to use the Company","The Company is engaged in the marketing of gifts, property investment and development and the operation of a franchise programme. The franchisees will have the right to use the Company's name",Yes,engaged marketing property development operation franchise franchisees right use,marketing property development operation franchise right use,marketing property development operation franchise franchisees right use
55,OSSIA INTERNATIONAL LIMITED 2023 (199004330K).pdf,73,199004330K,principal activity is investment holding. ,investment holding,5,principal activity is investment holding. ,principal activity is investment holding. ,principal activity is investment holding. ,No,principal activity is investment holding. ,principal activity is investment holding. ,principal activity is investment holding. 
56,OUE LIMITED 2022 (196400050E).pdf,76,196400050E,"principal activities of the Company are those of hospitality services, property investment and investment - other investments, net of tax 496 487 holding. ","hospitality services, property investment and investment",23,"principal activities of the Company are those of hospitality services, property investment and investment - other investments, net of tax 496 487 holding. ","principal activities of the Company are those of hospitality services, property investment and investment - other investments, net of tax 496 487 holding. ","principal activities of the Company are those of hospitality services, property investment and investment - other investments, net of tax 496 487 holding. ",No,hospitality property net tax 496 487,hospitality property net tax 496 487,hospitality property net tax 496 487
57,PENGUIN INTERNATIONAL LIMITED 2022 (197600165Z).pdf,38,197600165Z,"principal activities of the Company are to act as: (i) owners and operators of passenger ferries, (ii) designers and Description Effective for annual builders of search-and-rescue vessels, and (iii) investment holding. ",owners and operators of passenger ferries,31,"The Company's. principal activities are to act as: (i) owners and operators of passenger ferries, (ii) designers and","The Company's principal activities are to act as owners and operators of passenger ferries, designers and builders of search-and-rescue","The Company is engaged in three business activities: owners and operators of passenger ferries, designers and builders of search-and-res",Yes,engaged business owners operators passenger designers builders,act owners operators passenger designers,act owners operators passenger designers builders
58,PNE INDUSTRIES LTD 2023 (199905792R).pdf,37,199905792R,principal activities of the Company is that of investment holding and provision of management services. ,investment holding and provision of management services,15,principal activities of the Company is that of investment holding and provision of management services. ,principal activities of the Company is that of investment holding and provision of management services. ,principal activities of the Company is that of investment holding and provision of management services. ,No,provision management,provision management,provision management
59,PSC CORPORATION LTD. 2022 (197400888M).pdf,85,197400888M,The  The Company also provides management services to its subsidiaries. principal activities of the significant subsidiaries are set out in note 7 to the financial statements. ,note 7 to the financial statements,26,The  The Company also provides management services to its subsidiaries. principal activities of the significant subsidiaries are set out in note 7 to the financial statements. ,The  The Company also provides management services to its subsidiaries. principal activities of the significant subsidiaries are set out in note 7 to the financial statements. ,The  The Company also provides management services to its subsidiaries. principal activities of the significant subsidiaries are set out in note 7 to the financial statements. ,No,provides management services significant subsidiaries set note financial,provides management services significant subsidiaries set note financial,provides management services significant subsidiaries set note financial
60,QIAN HU CORPORATION LIMITED 2022 (199806124N).pdf,128,199806124N,"principal activities of the Company are those relating to import, export, farming, breeding and distribution of ornamental fishes and aquarium and pet accessories. ","import, export, farming, breeding and distribution of ornamental fishes",23,"principal activities of the Company are those relating to import, export, farming, breeding and distribution of ornamental fishes and aquarium and pet accessories. ","principal activities of the Company are those relating to import, export, farming, breeding and distribution of ornamental fishes and aquarium and pet accessories. ","principal activities of the Company are those relating to import, export, farming, breeding and distribution of ornamental fishes and aquarium and pet accessories. ",No,relating breeding distribution ornamental fishes aquarium pet,relating breeding distribution ornamental fishes aquarium pet,relating breeding distribution ornamental fishes aquarium pet
61,RAFFLES MEDICAL GROUP LTD 2022 (198901967K).pdf,126,198901967K,"principal activities of the Company are those relating to the operation of medical clinics, other general medical services and investment holdings. The Group and the Company are the sole proprietor of the following: Family Doctors RafflesCare Raffles Airport Medical Centre Raffles Corporate Wellness Raffles Dental Surgery Raffles Healthcare Consultancy Raffles Healthcare Institute Raffles Health Screeners Raffles Medical Management Raffles Medihelp Raffles Optica Raffles Pharmacare Raffles Pharmacy Raffles Solitaire Raffles Solitaire International Raffles Specialist Centre The Group and the Company are partners of the following: Changi Medical Services LLP Raffles International Medical Assistance LLP All transactions of these sole proprietorships and partnerships are reflected in the financial statements of the Company. ","operation of medical clinics, other general medical services and investment holdings",110,The Group and the Company are the sole proprietor of the following: Family Doctors RafflesCare Raffles Airport Medical Centre Raffles Corporate Wellness Raffles Dental Surgery and Raffles Healthcare Consultancy. All transactions of these sole proprietorships and partnerships are reflected in the financial statements of the Company.,"The principal activities of the Company are those relating to the operation of medical clinics, other general medical services and investment holdings. The Group is the sole proprietor of the following: Family Doctors, RafflesCare, Airport Medical Centre, Corporate Wellness, Dental Surgery, Healthcare Consultancy, Optica, Pharmacy, Medihelp, and Specialist Centre. It is also a partner of Changi Medical Services LLP and Raffles International Medical Assistance LLP.","The Company is engaged in the operation of medical clinics, other general medical services and investment holdings. The Group and the Company are the sole proprietors of the following: Family Doctors RafflesCare, Airport Medical Centre, Corporate Wellness, Dental Surgery Raffles Healthcare Consultancy, Healthcare Institute Raffles Health Screeners, Medihelp, Optica Raffles Pharmacy, Raffles Solitaire Raffles International Medical Assistance LLP and Raffles Specialist Centre.",Yes,medical general medical sole proprietors,sole proprietor transactions sole proprietorships partnerships reflected financial statements,medical general medical services sole proprietor partner
62,RH PETROGAS LIMITED 2022 (198701138Z).pdf,55,198701138Z,"principal activities of the Company were those of a trading company, investment holding, and exploration and production of oil and gas. ","a trading company, investment holding, and exploration and production of oil and gas",21,"principal activities of the Company were those of a trading company, investment holding, and exploration and production of oil and gas. ","principal activities of the Company were those of a trading company, investment holding, and exploration and production of oil and gas. ","principal activities of the Company were those of a trading company, investment holding, and exploration and production of oil and gas. ",No,exploration production oil,exploration production oil,exploration production oil
63,SAKAE HOLDINGS LTD. 2023 (199604816E).pdf,64,199604816E,"principal activities of the Company consist of the business of operating restaurants, trading of raw food materials, food processing and operating as caterer and event organiser. ","business of operating restaurants, trading of raw food materials",26,"principal activities of the Company consist of the business of operating restaurants, trading of raw food materials, food processing and operating as caterer and event organiser. ","principal activities of the Company consist of the business of operating restaurants, trading of raw food materials, food processing and operating as caterer and event organiser. ","principal activities of the Company consist of the business of operating restaurants, trading of raw food materials, food processing and operating as caterer and event organiser. ",No,consist business operating raw food food processing operating caterer event,consist business operating raw food food processing operating caterer event,consist business operating raw food food processing operating caterer event
64,SAMUDERA SHIPPING LINE LTD 2022 (199308462C).pdf,47,199308462C,principal activities of the Company are the owning and operating of ocean-going ships and the provision of containerised feeder shipping services. ,ocean-going ships and the provision of containerised feeder shipping services,21,principal activities of the Company are the owning and operating of ocean-going ships and the provision of containerised feeder shipping services. ,principal activities of the Company are the owning and operating of ocean-going ships and the provision of containerised feeder shipping services. ,principal activities of the Company are the owning and operating of ocean-going ships and the provision of containerised feeder shipping services. ,No,owning operating ships provision containerised feeder shipping,owning operating ships provision containerised feeder shipping,owning operating ships provision containerised feeder shipping
65,SBI OFFSHORE LIMITED 2019 (199407121D).pdf,60,199407121D,"principal activities of the Company are those of investment holding, marketing and distribution of drilling and related equipment, integrated engineering and equipment solutions. ","investment holding, marketing and distribution of drilling and related equipment",23,"principal activities of the Company are those of investment holding, marketing and distribution of drilling and related equipment, integrated engineering and equipment solutions. ","principal activities of the Company are those of investment holding, marketing and distribution of drilling and related equipment, integrated engineering and equipment solutions. ","principal activities of the Company are those of investment holding, marketing and distribution of drilling and related equipment, integrated engineering and equipment solutions. ",No,marketing distribution drilling related integrated engineering equipment,marketing distribution drilling related integrated engineering equipment,marketing distribution drilling related integrated engineering equipment
66,SBS TRANSIT LTD 2022 (199206653M).pdf,90,199206653M,"principal activities of the Company are those of the provision of public transport services, namely bus and rail services. Prior to 1 January 2022, the operations of the North-East Mass Rapid Transit System ( NEL ), Sengkang Light Rapid Transit System and the Punggol Light Rapid Transit System ( SPLRT ) were operating under the Company. These have since been transferred to the wholly-owned subsidiary, SBS Transit Rail Pte. Ltd. on 1 January 2022, in line with the transition to the New Rail Financing Framework (Version 2). ",provision of public transport services,87,"The operations of the North-East Mass Rapid Transit System ( NEL ) and the Punggol Light Rapid Transit system ( SPLRT ) were operating under the Company. These have since been transferred to the wholly-owned subsidiary, SBS Transit Rail Pte. Ltd. on 1 January 2022.","The operations of the North-East Mass Rapid Transit System (NEL), Sengkang LRT System (SLR), and Punggol LRT have been transferred to the wholly-owned subsidiary, SBS Transit Rail Pte. Ltd. on 1 January 2022.","The Company provides bus and rail transport services. The operations of the North-East Mass Rapid Transit System (NEL), Sengkang LRT, and Punggol LRT have been transferred to the wholly-owned subsidiary, SBS Transit Rail Pte. Ltd. on 1 January 2022.",Yes,provides bus rail transport operations transferred,operations operating transferred,operations transferred
67,SECOND CHANCE PROPERTIES LTD 2023 (198103193M).pdf,99,198103193M,"principal activities of the Company are those of an investment holding company, retailing of ready- made garments, holding of property as investment for rental income and investing in securities. ",investing in securities,29,"principal activities of the Company are those of an investment holding company, retailing of ready- made garments, holding of property as investment for rental income and investing in securities. ","principal activities of the Company are those of an investment holding company, retailing of ready- made garments, holding of property as investment for rental income and investing in securities. ","principal activities of the Company are those of an investment holding company, retailing of ready- made garments, holding of property as investment for rental income and investing in securities. ",No,retailing property rental income investing,retailing property rental income investing,retailing property rental income investing
68,SERIAL SYSTEM LTD 2022 (199202071D).pdf,67,199202071D,The  principal activities of the Company are that of investment holding and provision of management services to its subsidiaries. ,investment holding and provision of management services to its subsidiaries,19,The  principal activities of the Company are that of investment holding and provision of management services to its subsidiaries. ,The  principal activities of the Company are that of investment holding and provision of management services to its subsidiaries. ,The  principal activities of the Company are that of investment holding and provision of management services to its subsidiaries. ,No,provision management services,provision management services,provision management services
69,SEROJA INVESTMENTS LIMITED 2022 (198300847M).pdf,34,198300847M,principal activities of the Company are those relating to investment holding. ,investment holding,11,principal activities of the Company are those relating to investment holding. ,principal activities of the Company are those relating to investment holding. ,principal activities of the Company are those relating to investment holding. ,No,relating,relating,relating
70,SHANAYA LIMITED 2022 (199804583E).pdf,53,199804583E,"principal activity of the Company is that of the provision of management and office administration services on a fee, and investment holding. ","provision of management and office administration services on a fee, and investment holding",22,"principal activity of the Company is that of the provision of management and office administration services on a fee, and investment holding. ","principal activity of the Company is that of the provision of management and office administration services on a fee, and investment holding. ","principal activity of the Company is that of the provision of management and office administration services on a fee, and investment holding. ",No,provision management office administration services,provision management office administration services,provision management office administration services
71,SIA ENGINEERING COMPANY LIMITED 2023 (198201025C).pdf,113,198201025C,"principal activities of the Company are the provision of airframe maintenance, component overhaul services and inventory technical management, the provision of line maintenance and technical ground handling services and investment holdings. ","provision of airframe maintenance, component overhaul services and inventory technical management",31,"The Company provides airframe maintenance, component overhaul services and inventory technical management. It also provides line maintenance and technical ground handling services and investment","The Company's principal activities are the provision of airframe maintenance, component overhaul services, inventory technical management, line maintenance and technical","The Company provides airframe maintenance, component overhaul services and inventory technical management. It also provides line maintenance and technical ground handling services.",Yes,provides airframe component overhaul services inventory technical provides line maintenance,provides airframe component overhaul services inventory technical provides line maintenance,provision airframe component overhaul inventory technical line maintenance technical
72,SING INVESTMENTS & FINANCE LIMITED 2022 (196400348D).pdf,88,196400348D,principal activities of the Company are those of a licensed finance company. The principal activities of the subsidiary are those of a nominee service company. The consolidated financial statements of the Group and statement of financial position and statement of changes in equity of the Company for the year ended 31 December 2022 were authorised for issue by the Board of Directors on 24 February 2023. 2 SUMMARY OF SIGNIFICANT ACCOUNTING POLICIES ,licensed finance company,72,The consolidated financial statements of the Group were authorised for issue by the Board of Directors on 24 February 2023. The. principal activities of the Company are those of a licensed finance company. The principal activities. of the subsidiary are those. of a nominee service company.,The consolidated financial statements of the Group for the year ended 31 December 2022 were authorised for issue by the Board of Directors on 24 February 2023. The Company's principal activities are those of a licensed finance company and the subsidiary's are that of a nominee service company.,The consolidated financial statements of the Group and statement of financial position of the Company for the year ended 31 December 2022 were authorised for issue by the Board of Directors on 24 February 2023.,Yes,consolidated financial statements statement financial position year ended 31 2022,consolidated financial statements authorised issue 24 licensed finance subsidiary nominee,consolidated financial statements year ended 31 2022 authorised issue 24
73,SINGAPORE AIRLINES LIMITED 2023 (197200078R).pdf,122,197200078R,"principal activities of the Group consist of passenger and cargo air transportation, engineering services, training of pilots, air charters, tour activities, sale of merchandise and related activities. ","passenger and cargo air transportation, engineering services",27,"principal activities of the Group consist of passenger and cargo air transportation, engineering services, training of pilots, air charters, tour activities, sale of merchandise and related activities. ","principal activities of the Group consist of passenger and cargo air transportation, engineering services, training of pilots, air charters, tour activities, sale of merchandise and related activities. ","principal activities of the Group consist of passenger and cargo air transportation, engineering services, training of pilots, air charters, tour activities, sale of merchandise and related activities. ",No,consist passenger cargo air engineering training air tour sale merchandise,consist passenger cargo air engineering training air tour sale merchandise,consist passenger cargo air engineering training air tour sale merchandise
74,SINGAPORE POST LIMITED 2023 (199201623M).pdf,121,199201623M,"principal activities of the Company consist of the operation and provision of postal and parcel delivery services, eCommerce logistics and property. Its subsidiaries are principally engaged in provision of delivery services and eCommerce logistics solutions, provision of integrated supply chain and distributions services, freight forwarding and investment holding. These financial statements were authorised for issue on 5 June 2023 in accordance with a resolution of the Board of Directors of Singapore Post Limited. ","operation and provision of postal and parcel delivery services, eCommerce logistics and property",73,Singapore Post Limited's principal activities consist of the operation and provision of postal and parcel delivery services. Its subsidiaries are principally engaged in provision of delivery services and eCommerce logistics solutions. These financial statements were authorised for issue on 5 June 2023.,"The financial statements of Singapore Post Limited were authorised for issue on 5 June 2023 in accordance with a resolution of the Board of Directors of the Company. The Company's principal activities consist of the operation and provision of postal and parcel delivery services, eCommerce logistics and property. Its subsidiaries are principally engaged in","Singapore Post Limited's financial statements were authorised for issue on 5 June 2023. The Company's principal activities include the operation and provision of postal and parcel delivery services, eCommerce logistics and property.",Yes,financial statements authorised issue include operation provision postal parcel delivery,consist operation provision postal parcel delivery subsidiaries principally engaged provision,financial statements authorised issue 2023 accordance resolution consist operation provision
75,SINGAPORE TELECOMMUNICATIONS LIMITED 2023 (199201624D).pdf,145,199201624D,"principal activities of the Company consist of the operation and provision of telecommunications systems and services, and investment holding. ","operation and provision of telecommunications systems and services, and investment holding",19,"principal activities of the Company consist of the operation and provision of telecommunications systems and services, and investment holding. ","principal activities of the Company consist of the operation and provision of telecommunications systems and services, and investment holding. ","principal activities of the Company consist of the operation and provision of telecommunications systems and services, and investment holding. ",No,consist operation provision telecommunications systems,consist operation provision telecommunications systems,consist operation provision telecommunications systems
76,SITRA HOLDINGS (INTERNATIONAL) LIMITED 2022 (197901237E).pdf,70,197901237E,"principal activities of the Company are that of investment holding, importers and exporters of wood-based and other related products. ","investment holding, importers and exporters",19,"principal activities of the Company are that of investment holding, importers and exporters of wood-based and other related products. ","principal activities of the Company are that of investment holding, importers and exporters of wood-based and other related products. ","principal activities of the Company are that of investment holding, importers and exporters of wood-based and other related products. ",No,importers exporters related,importers exporters related,importers exporters related
77,SPINDEX INDUSTRIES LIMITED 2023 (198701451M).pdf,42,198701451M,"principal activities of the Company are to carry on the business as importer, exporter and dealer of mechanical, electrical and electronic parts. The principal activities of the subsidiaries are manufacturing and trading of mechanical, electrical, electronic parts, precision machine parts and other engineering materials. ","importer, exporter and dealer of mechanical, electrical and electronic parts",44,"The Company's principal activities are to carry on the business as importer, exporter and dealer of mechanical, electrical and electronic parts. The principal activities of the subsidiaries are manufacturing and","The Company's principal activities are to carry on the business as importer, exporter and dealer of mechanical, electrical and electronic parts. The principal activities of the subsidiaries are manufacturing","The principal activities of the Company are to carry on the business as importer, exporter and dealer of mechanical, electrical and electronic parts. The Company's subsidiaries are manufacturing and trading of",Yes,carry business exporter dealer electrical electronic subsidiaries manufacturing,carry business exporter dealer electrical electronic subsidiaries manufacturing,carry business exporter dealer electrical electronic subsidiaries manufacturing
78,STARHUB LTD. 2022 (199802208C).pdf,204,199802208C,principal activities of the Company are those relating to the operation and provision of telecommunications services and other businesses relating to the info-communications industry. ,operation and provision of telecommunications services,24,principal activities of the Company are those relating to the operation and provision of telecommunications services and other businesses relating to the info-communications industry. ,principal activities of the Company are those relating to the operation and provision of telecommunications services and other businesses relating to the info-communications industry. ,principal activities of the Company are those relating to the operation and provision of telecommunications services and other businesses relating to the info-communications industry. ,No,relating operation provision telecommunications services businesses relating,relating operation provision telecommunications services businesses relating,relating operation provision telecommunications services businesses relating
79,SUNRISE SHARES HOLDINGS LTD. 2022 (198201457Z).pdf,59,198201457Z,principal activity of the Company is that of investment holding company. ,investment holding company,11,principal activity of the Company is that of investment holding company. ,principal activity of the Company is that of investment holding company. ,principal activity of the Company is that of investment holding company. ,No,principal activity of the Company is that of investment holding company. ,principal activity of the Company is that of investment holding company. ,principal activity of the Company is that of investment holding company. 
80,TAI SIN ELECTRIC LIMITED 2023 (198000057W).pdf,82,198000057W,principal activities of the company are that of cable and wire manufacturer and dealer in such products and investment holding. ,cable and wire manufacturer and dealer in such products and investment holding,20,principal activities of the company are that of cable and wire manufacturer and dealer in such products and investment holding. ,principal activities of the company are that of cable and wire manufacturer and dealer in such products and investment holding. ,principal activities of the company are that of cable and wire manufacturer and dealer in such products and investment holding. ,No,cable wire manufacturer dealer products,cable wire manufacturer dealer products,cable wire manufacturer dealer products
81,TAT SENG PACKAGING GROUP LTD 2022 (197702806M).pdf,57,197702806M,"The  The Group is primarily involved in the manufacturing and sales of corrugated paper products and other packaging products. principal activities of the subsidiaries are set out in note 7 to the financial statements. The immediate and ultimate holding company is PSC Corporation Ltd. (formerly known as Hanwell Holdings Limited), incorporated in the Republic of Singapore. ",subsidiaries are set out in note 7 to the financial statements,56,The Group is primarily involved in the manufacturing and sales of corrugated paper products and other packaging products. The immediate and ultimate holding company is PSC Corporation Ltd. (formerly known as Hanwell Holdings Limited),"The Group is primarily involved in the manufacturing and sales of corrugated paper products and other packaging products. The immediate and ultimate holding company is PSC Corporation Ltd. (formerly known as Hanwell Holdings Limited), incorporated in the Republic",The Group is principally involved in the manufacturing and sales of corrugated paper products and other packaging products. The principal activities of the subsidiaries are set out in note 7 to the financial statements. The immediate and ultimate holding company is PSC,Yes,principally involved manufacturing sales corrugated paper products packaging subsidiaries set,primarily involved manufacturing sales corrugated paper products packaging immediate ultimate,primarily involved manufacturing sales corrugated paper products packaging immediate ultimate
82,TELECHOICE INTERNATIONAL LIMITED 2022 (199802072R).pdf,129,199802072R,"principal activities of the Company during the financial year are investment holding and those of wholesalers, retailers, suppliers, importers, exporters, distributors, agents and dealers of mobile phones, prepaid cards, radio and telecommunication equipment and accessories and the provision of related services. ",investment holding,41," principal activities of the Company during the financial year are investment holding and those of wholesalers, retailers, suppliers, importers, exporters, distributors, agents and","The principal activities of the Company during the financial year are investment holding and those of wholesalers, retailers, suppliers, importers, exporters, distributors, agents","The principal activities of the Company during the financial year are investment holding and those of wholesalers, retailers, suppliers, importers, exporters, distributors, agents",Yes,financial year agents,financial year agents,financial year agents
83,TT INTERNATIONAL LIMITED 2023 (198403771D).pdf,56,198403771D,"principal activities of the Company are those relating to retail, trading and distribution of a wide range of furniture and furnishings, electrical and electronics products and investment holding. ","retail, trading and distribution of a wide range of furniture and furnishings",28,"principal activities of the Company are those relating to retail, trading and distribution of a wide range of furniture and furnishings, electrical and electronics products and investment holding. ","principal activities of the Company are those relating to retail, trading and distribution of a wide range of furniture and furnishings, electrical and electronics products and investment holding. ","principal activities of the Company are those relating to retail, trading and distribution of a wide range of furniture and furnishings, electrical and electronics products and investment holding. ",No,relating distribution wide range furniture electrical electronics products,relating distribution wide range furniture electrical electronics products,relating distribution wide range furniture electrical electronics products
84,UNITED OVERSEAS INSURANCE LIMITED 2022 (197100152R).pdf,4,197100152R,principal activities are the underwriting 1,underwriting 1,6,principal activities are the underwriting 1,principal activities are the underwriting 1,principal activities are the underwriting 1,No,underwriting,underwriting,underwriting
85,VENTURE CORPORATION LIMITED 2022 (198402886H).pdf,107,198402886H,"principal activities of the Company are to provide manufacturing, product design and development, engineering and supply-chain management services. ","provide manufacturing, product design and development, engineering and supply-chain management services",18,"principal activities of the Company are to provide manufacturing, product design and development, engineering and supply-chain management services. ","principal activities of the Company are to provide manufacturing, product design and development, engineering and supply-chain management services. ","principal activities of the Company are to provide manufacturing, product design and development, engineering and supply-chain management services. ",No,provide product design engineering management,provide product design engineering management,provide product design engineering management
86,VICOM LTD 2022 (198100320K).pdf,78,198100320K,principal activities of the Company are those of an investment holding company and the provision of motor vehicle evaluation and other related services. ,investment holding company and the provision of motor vehicle evaluation and other related services,23,principal activities of the Company are those of an investment holding company and the provision of motor vehicle evaluation and other related services. ,principal activities of the Company are those of an investment holding company and the provision of motor vehicle evaluation and other related services. ,principal activities of the Company are those of an investment holding company and the provision of motor vehicle evaluation and other related services. ,No,provision motor vehicle evaluation related,provision motor vehicle evaluation related,provision motor vehicle evaluation related
